point_id,time,lat,lon,source,case_id,track_file_kind,edited_at
0,2026-06-08 23:23:10,39.53724747678535,-98.7881224047289,moved_retimed,N57,complete,2026-06-10 14:24:14
1,2026-06-08 23:25:40,39.53724747678535,-98.76765034799628,moved_retimed,N57,complete,2026-06-10 14:24:14
2,2026-06-08 23:28:00,39.54047682124764,-98.75508794954703,moved_retimed,N57,complete,2026-06-10 14:24:14
3,2026-06-08 23:30:30,39.54191203722516,-98.73647698888077,moved_retimed,N57,complete,2026-06-10 14:24:14
24,2026-06-08 23:32:50,39.55016395312049,-98.72391459043152,manual,N57,complete,2026-06-10 14:24:14
4,2026-06-08 23:35:20,39.55195771802778,-98.71553965813183,moved_retimed,N57,complete,2026-06-10 14:24:14
5,2026-06-08 23:37:30,39.55195771802778,-98.70809527386533,moved_retimed,N57,complete,2026-06-10 14:24:14
6,2026-06-08 23:40:00,39.5517254233674,-98.69839012069636,moved_retimed,N57,complete,2026-06-10 14:24:14
7,2026-06-08 23:42:20,39.533067939062676,-98.68908464036349,moved_retimed,N57,complete,2026-06-10 14:24:14
8,2026-06-08 23:44:50,39.527326165593706,-98.67047367969778,moved_retimed,N57,complete,2026-06-10 14:24:14
9,2026-06-08 23:47:00,39.50286283531122,-98.66008308148807,moved_retimed,N57,complete,2026-06-10 14:24:14
10,2026-06-08 23:49:40,39.50142681214979,-98.6354235586059,moved_retimed,N57,complete,2026-06-10 14:24:14
11,2026-06-08 23:52:00,39.53301246712789,-98.63402773655585,moved_retimed,N57,complete,2026-06-10 14:24:14
12,2026-06-08 23:54:30,39.52583517036564,-98.6410068468055,moved_retimed,N57,complete,2026-06-10 14:24:14
13,2026-06-08 23:57:00,39.51829821029193,-98.61355567982324,moved_retimed,N57,complete,2026-06-10 14:24:14
14,2026-06-08 23:59:30,39.51829821029193,-98.59122252702426,moved_retimed,N57,complete,2026-06-10 14:24:14
15,2026-06-09 00:01:50,39.51893751397503,-98.57239219832397,moved_retimed,N57,complete,2026-06-10 14:24:14
16,2026-06-09 00:04:20,39.5011233475272,-98.55413394401329,moved_retimed,N57,complete,2026-06-10 14:24:14
17,2026-06-09 00:07:00,39.499908860821364,-98.52518081130097,moved_retimed,N57,complete,2026-06-10 14:24:14
18,2026-06-09 00:12:10,39.48931330039744,-98.50805788168971,manual,N57,complete,2026-06-10 14:24:14
19,2026-06-09 00:16:10,39.48784869941878,-98.47485840128067,moved_retimed,N57,complete,2026-06-10 14:24:14
20,2026-06-09 00:18:40,39.47708916625473,-98.46422764897785,moved_retimed,N57,complete,2026-06-10 14:24:14
21,2026-06-09 00:21:30,39.47072509377233,-98.46422764897785,moved_retimed,N57,complete,2026-06-10 14:24:14
22,2026-06-09 00:24:10,39.46064745509403,-98.47247218273023,moved_retimed,N57,complete,2026-06-10 14:24:14
23,2026-06-09 00:26:50,39.441018391861235,-98.4374329142834,moved_retimed,N57,complete,2026-06-10 14:24:14
