point_id,time,lat,lon,source,case_id,track_file_kind,edited_at
0,2025-04-28 23:24:00,34.293017044646035,-99.4210282857811,moved_retimed,N50,complete,2026-05-29 15:56:29
1,2025-04-28 23:28:10,34.30057506778145,-99.39839726290799,moved_retimed,N50,complete,2026-05-29 15:56:29
2,2025-04-28 23:32:30,34.328095649872566,-99.37518937646016,moved_retimed,N50,complete,2026-05-29 15:56:29
3,2025-04-28 23:36:50,34.35314338173822,-99.32703826397609,moved_retimed,N50,complete,2026-05-29 15:56:29
4,2025-04-28 23:38:50,34.3773888178054,-99.27599808473443,moved_retimed,N50,complete,2026-05-29 15:56:29
5,2025-04-28 23:40:50,34.385336613734395,-99.25144101736001,moved_retimed,N50,complete,2026-05-29 15:56:29
6,2025-04-28 23:42:40,34.39566762059776,-99.23699568361113,moved_retimed,N50,complete,2026-05-29 15:56:29
7,2025-04-28 23:44:30,34.40245703731347,-99.22852775640868,moved_retimed,N50,complete,2026-05-29 15:56:29
8,2025-04-28 23:46:30,34.40832813369171,-99.21742685853944,moved_retimed,N50,complete,2026-05-29 15:56:29
9,2025-04-28 23:48:00,34.413187,-99.205769,original,N50,complete,2026-05-29 15:56:29
10,2025-04-28 23:50:10,34.425423150034234,-99.1804271544372,moved_retimed,N50,complete,2026-05-29 15:56:29
11,2025-04-28 23:52:00,34.439884,-99.165756,original,N50,complete,2026-05-29 15:56:29
12,2025-04-28 23:54:00,34.4601245,-99.140556,original,N50,complete,2026-05-29 15:56:29
13,2025-04-28 23:56:00,34.4822045,-99.1082875,original,N50,complete,2026-05-29 15:56:29
14,2025-04-28 23:58:10,34.49505304024926,-99.05873769886058,moved_retimed,N50,complete,2026-05-29 15:56:29
15,2025-04-29 00:00:10,34.51431711171048,-99.0326985489313,moved_retimed,N50,complete,2026-05-29 15:56:29
16,2025-04-29 00:02:10,34.52007777798629,-99.01376331235159,moved_retimed,N50,complete,2026-05-29 15:56:29
17,2025-04-29 00:04:10,34.53342615036067,-98.97429622152414,moved_retimed,N50,complete,2026-05-29 15:56:29
18,2025-04-29 00:06:10,34.55550147451193,-98.94196066367581,moved_retimed,N50,complete,2026-05-29 15:56:29
19,2025-04-29 00:08:10,34.56845600267246,-98.91455526263064,moved_retimed,N50,complete,2026-05-29 15:56:29
20,2025-04-29 00:10:10,34.57972959767842,-98.88600675209493,moved_retimed,N50,complete,2026-05-29 15:56:29
21,2025-04-29 00:12:10,34.59291786266962,-98.86152822411196,moved_retimed,N50,complete,2026-05-29 15:56:29
22,2025-04-29 00:14:00,34.6049074671846,-98.83676676089244,moved_retimed,N50,complete,2026-05-29 15:56:29
23,2025-04-29 00:16:10,34.62240918142794,-98.80967480701695,manual,N50,complete,2026-05-29 15:56:29
24,2025-04-29 00:18:00,34.637567368392226,-98.78892250341531,manual,N50,complete,2026-05-29 15:56:29
25,2025-04-29 00:19:50,34.650029814723354,-98.76765677618093,manual,N50,complete,2026-05-29 15:56:29
