point_id,time,lat,lon,source,radar_site,product,product_label,tilt_deg
0,2010-06-11 23:05:00,39.129017,-104.217824,moved_retimed,,,,
2,2010-06-11 23:08:30,39.141645,-104.174552,moved_retimed,,,,
3,2010-06-11 23:13:10,39.160282,-104.145379,moved_retimed,,,,
4,2010-06-11 23:17:50,39.163272,-104.112389,moved_retimed,,,,
5,2010-06-11 23:22:30,39.180876,-104.083684,moved_retimed,,,,
6,2010-06-11 23:27:10,39.197493,-104.026655,moved_retimed,,,,
7,2010-06-11 23:31:40,39.202428,-103.995467,moved_retimed,,,,
8,2010-06-11 23:36:20,39.213715,-103.974045,moved_retimed,,,,
9,2010-06-11 23:41:00,39.22886,-103.929721,moved_retimed,,,,
10,2010-06-11 23:45:40,39.232179,-103.908299,moved_retimed,,,,
11,2010-06-11 23:50:10,39.238152,-103.878737,moved_retimed,,,,
12,2010-06-11 23:54:50,39.255405,-103.838036,moved_retimed,,,,
13,2010-06-11 23:59:30,39.271006,-103.804598,manual,,,,
